{
    "mse_improvement_abs": 0.018424139358103275,
    "mse_improvement_pct": 61.424927789237536,
    "psnr_improvement_abs": 3.676830291748047,
    "ssim_improvement_abs": 0.22625428438186646
}