{
    "mse_improvement_abs": -0.0006960006430745125,
    "mse_improvement_pct": -6.825948697947945,
    "psnr_improvement_abs": 0.16275787353515625,
    "ssim_improvement_abs": 0.014596551656723022
}