{
    "mse": 0.047417014837265015,
    "psnr": 13.420963287353516,
    "ssim": 0.16743871569633484
}