{
    "loss": [
        0.043837640434503555,
        0.03155136853456497,
        0.024219514802098274,
        0.01946864277124405,
        0.017550107091665268,
        0.015436027199029922,
        0.01507001556456089,
        0.014086208306252956,
        0.013165316544473171,
        0.012391732074320316,
        0.011913638561964035,
        0.01184429507702589,
        0.011250987648963928,
        0.010960712097585201,
        0.010650414042174816,
        0.010311949998140335,
        0.010142401792109013,
        0.010050822049379349,
        0.009858844801783562,
        0.00955269020050764,
        0.009506391361355782,
        0.009404332377016544,
        0.009163545444607735,
        0.009091123007237911,
        0.009141850285232067,
        0.008853285573422909,
        0.008864841423928738,
        0.008764264173805714,
        0.008749831467866898,
        0.00862626638263464,
        0.008495294488966465,
        0.008655428886413574,
        0.008441337384283543,
        0.00824054703116417,
        0.008298714645206928,
        0.008238092996180058,
        0.008191034197807312,
        0.008006186224520206,
        0.007953258231282234,
        0.008018762804567814,
        0.007958210073411465,
        0.007827631197869778,
        0.007910370826721191,
        0.007744769100099802,
        0.0077410596422851086,
        0.007684376556426287,
        0.007713983301073313,
        0.007588658016175032,
        0.007426116149872541,
        0.007574006915092468,
        0.007475878577679396,
        0.00743501354008913,
        0.0075801280327141285,
        0.00742414640262723,
        0.0073523265309631824,
        0.007345482241362333,
        0.007241364102810621,
        0.007295986171811819,
        0.00725926086306572,
        0.007061604876071215,
        0.007242496591061354,
        0.007062602788209915,
        0.007153322454541922,
        0.007035340182483196,
        0.007070436142385006,
        0.006954067852348089,
        0.006984816864132881,
        0.007036292459815741,
        0.00698441406711936,
        0.006946947891265154,
        0.00691039115190506,
        0.0069296942092478275,
        0.006907446775585413,
        0.0068458570167422295,
        0.0068555413745343685,
        0.00683569023385644,
        0.006790637969970703,
        0.0067674387246370316,
        0.006803507450968027,
        0.006806196179240942
    ],
    "val_loss": [
        0.01953236013650894,
        0.02084530144929886,
        0.022289104759693146,
        0.02414604090154171,
        0.026362022385001183,
        0.027705397456884384,
        0.02745732292532921,
        0.02572624571621418,
        0.023545285686850548,
        0.021550513803958893,
        0.020131276920437813,
        0.01912536472082138,
        0.018457025289535522,
        0.01796577125787735,
        0.017638318240642548,
        0.01744624227285385,
        0.01738668978214264,
        0.01740974560379982,
        0.01751328632235527,
        0.017555302008986473,
        0.017610469833016396,
        0.01756872981786728,
        0.01738404855132103,
        0.017156681045889854,
        0.016859257593750954,
        0.01652897149324417,
        0.01622885838150978,
        0.01590006984770298,
        0.015617741271853447,
        0.015357994474470615,
        0.015148394741117954,
        0.015001865103840828,
        0.014915070496499538,
        0.01484125666320324,
        0.014806698076426983,
        0.014788033440709114,
        0.014778831042349339,
        0.01477817352861166,
        0.01473997998982668,
        0.014701957814395428,
        0.014638124033808708,
        0.014484401792287827,
        0.014319654554128647,
        0.014130856841802597,
        0.013965550810098648,
        0.013777468353509903,
        0.013620536774396896,
        0.013506988994777203,
        0.013398716226220131,
        0.013303320854902267,
        0.013181989081203938,
        0.013097560964524746,
        0.013052633963525295,
        0.013006161898374557,
        0.012962130829691887,
        0.01294123288244009,
        0.012932831421494484,
        0.012898389250040054,
        0.01286386325955391,
        0.01282508671283722,
        0.012766536325216293,
        0.012698073871433735,
        0.012619059532880783,
        0.01252073235809803,
        0.012438475154340267,
        0.012342060916125774,
        0.012262988835573196,
        0.012216242030262947,
        0.012191158719360828,
        0.012186440639197826,
        0.012197214178740978,
        0.012206053361296654,
        0.012220209464430809,
        0.012251509353518486,
        0.012253548949956894,
        0.012250986881554127,
        0.012240677140653133,
        0.012229278683662415,
        0.012188851833343506,
        0.0121429692953825
    ]
}