{
    "mse": 0.011807447299361229,
    "psnr": 20.17957305908203,
    "ssim": 0.5625432729721069
}