{
    "total_loss": [
        0.7805144190788269,
        0.6504325270652771,
        0.6304225325584412,
        0.6146867871284485,
        0.6039884090423584,
        0.5927491784095764,
        0.5819356441497803,
        0.5718753933906555,
        0.5644218921661377,
        0.5558146834373474,
        0.5498141646385193,
        0.5432900786399841,
        0.539206862449646,
        0.5351206660270691,
        0.5305232405662537,
        0.5271531939506531,
        0.523777425289154,
        0.5212842226028442,
        0.5178830623626709,
        0.5158160328865051,
        0.5142667293548584,
        0.5123674869537354,
        0.5102410912513733,
        0.5078913569450378,
        0.5060573220252991,
        0.5051864981651306,
        0.5027521848678589,
        0.5019769072532654,
        0.5002478957176208,
        0.49822232127189636,
        0.4978276789188385,
        0.49570801854133606,
        0.49495694041252136,
        0.49387577176094055,
        0.49276304244995117,
        0.4918692111968994,
        0.4913751780986786,
        0.4893058240413666,
        0.4886205196380615,
        0.4875190258026123,
        0.48611459136009216,
        0.48549744486808777,
        0.48525965213775635,
        0.4839925765991211,
        0.4836824834346771,
        0.4816579818725586,
        0.48165974020957947,
        0.47971558570861816,
        0.4797018766403198,
        0.4777812063694,
        0.47726526856422424,
        0.4778198301792145,
        0.47608518600463867,
        0.4750570058822632,
        0.476351261138916,
        0.4745223820209503,
        0.47394895553588867,
        0.47289761900901794,
        0.471225768327713,
        0.47120043635368347,
        0.4707535207271576,
        0.4706125259399414,
        0.47012749314308167,
        0.4685605466365814,
        0.46837225556373596,
        0.46874427795410156,
        0.467822402715683,
        0.46753811836242676
    ],
    "encode_loss": [
        0.6869933605194092,
        0.5657745003700256,
        0.554078221321106,
        0.547123908996582,
        0.5447306036949158,
        0.5404379367828369,
        0.5363320708274841,
        0.5321800708770752,
        0.5298042893409729,
        0.5255248546600342,
        0.5229902267456055,
        0.5193086266517639,
        0.5174102783203125,
        0.5148693919181824,
        0.5114685297012329,
        0.5088948011398315,
        0.5061886310577393,
        0.504115641117096,
        0.5010610222816467,
        0.499227911233902,
        0.4978114366531372,
        0.4960024654865265,
        0.4938926696777344,
        0.49152955412864685,
        0.4897550642490387,
        0.48880887031555176,
        0.48638394474983215,
        0.48554477095603943,
        0.48374810814857483,
        0.4817172586917877,
        0.48128458857536316,
        0.47914695739746094,
        0.47834479808807373,
        0.477215439081192,
        0.4759990870952606,
        0.4750839173793793,
        0.47448375821113586,
        0.47226682305336,
        0.4715665578842163,
        0.47042596340179443,
        0.4689422845840454,
        0.468243807554245,
        0.4679376780986786,
        0.4666295051574707,
        0.4661489427089691,
        0.46405211091041565,
        0.4639827311038971,
        0.4618930518627167,
        0.46185433864593506,
        0.45988643169403076,
        0.459280401468277,
        0.45976629853248596,
        0.457849383354187,
        0.45676425099372864,
        0.4579789936542511,
        0.4560178518295288,
        0.4552760422229767,
        0.4541366994380951,
        0.452449232339859,
        0.4522470533847809,
        0.4518159329891205,
        0.45151200890541077,
        0.45101630687713623,
        0.44926711916923523,
        0.44900283217430115,
        0.4492586851119995,
        0.4482731521129608,
        0.4478338062763214
    ],
    "decode_mse": [
        0.04415044188499451,
        0.040311310440301895,
        0.03193509206175804,
        0.02282063104212284,
        0.01669888198375702,
        0.01573854684829712,
        0.013970106840133667,
        0.012848089449107647,
        0.012148172594606876,
        0.011322674341499805,
        0.010995064862072468,
        0.01042107492685318,
        0.009950008243322372,
        0.010048921220004559,
        0.009590254165232182,
        0.009486489929258823,
        0.009046019986271858,
        0.009071562439203262,
        0.00878366082906723,
        0.0086833406239748,
        0.008573903702199459,
        0.008382134139537811,
        0.008435654453933239,
        0.008379771374166012,
        0.008135895244777203,
        0.008249699138104916,
        0.008042103610932827,
        0.008126097731292248,
        0.008124575018882751,
        0.007980418391525745,
        0.007989066652953625,
        0.00801908876746893,
        0.008066451177001,
        0.007985011674463749,
        0.008229824714362621,
        0.007935495115816593,
        0.007893060334026814,
        0.008322627283632755,
        0.007991132326424122,
        0.007922574877738953,
        0.007942945696413517,
        0.008049387484788895,
        0.008168689906597137,
        0.007975940592586994,
        0.008239530958235264,
        0.00813259370625019,
        0.00801493227481842,
        0.00832067709416151,
        0.008075310848653316,
        0.007965399883687496,
        0.008066161535680294,
        0.007993810810148716,
        0.008297115564346313,
        0.008093399927020073,
        0.007986812852323055,
        0.008123357780277729,
        0.008320373483002186,
        0.008231946267187595,
        0.007959592156112194,
        0.008569525554776192,
        0.008186785504221916,
        0.00855564046651125,
        0.008088617585599422,
        0.008322819136083126,
        0.008275746367871761,
        0.008380266837775707,
        0.00822045374661684,
        0.008380156941711903
    ],
    "decode_ssim": [
        0.7789096832275391,
        0.7358779907226562,
        0.6946514248847961,
        0.587722897529602,
        0.514106810092926,
        0.4817802906036377,
        0.4549877643585205,
        0.4303923547267914,
        0.4270324409008026,
        0.39848923683166504,
        0.38922297954559326,
        0.38101720809936523,
        0.37811312079429626,
        0.37211498618125916,
        0.3597688674926758,
        0.3563394248485565,
        0.3629204034805298,
        0.3440427780151367,
        0.3367927372455597,
        0.3090241849422455,
        0.31670114398002625,
        0.30070582032203674,
        0.44909968972206116,
        0.3229007422924042,
        0.30824244022369385,
        0.30614981055259705,
        0.31479838490486145,
        0.325386643409729,
        0.33356261253356934,
        0.3115639090538025,
        0.3227587640285492,
        0.32192182540893555,
        0.32121893763542175,
        0.3019203245639801,
        0.33280709385871887,
        0.30913496017456055,
        0.30895912647247314,
        0.33424338698387146,
        0.32175886631011963,
        0.32062652707099915,
        0.3185458481311798,
        0.3335014283657074,
        0.3320613205432892,
        0.32387396693229675,
        0.29958128929138184,
        0.32450196146965027,
        0.29219451546669006,
        0.313838392496109,
        0.32938018441200256,
        0.30768004059791565,
        0.32414186000823975,
        0.31205835938453674,
        0.32054656744003296,
        0.3611055910587311,
        0.32142141461372375,
        0.32414790987968445,
        0.3136689364910126,
        0.30833637714385986,
        0.3242439925670624,
        0.3367074429988861,
        0.30723607540130615,
        0.335222452878952,
        0.31585273146629333,
        0.32453247904777527,
        0.3291657269001007,
        0.6870260834693909,
        0.3151874840259552,
        0.3322981595993042
    ],