{
    "mse": 0.01420626137405634,
    "psnr": 18.99306869506836,
    "ssim": 0.4687328636646271
}