{
    "mse_improvement_abs": 0.000738863367587328,
    "mse_improvement_pct": 9.064272997886999,
    "psnr_improvement_abs": 0.3440227508544922,
    "ssim_improvement_abs": 0.019790351390838623
}